insert into dpt values ('D01','영업','LMS 접근');
insert into dpt values ('D02','행정','학생 상세정보 접근');
insert into dpt values ('D03','강사','학생 상세정보 접근');
insert into dpt values ('D04','취업','학생 상세정보 접근');
insert into dpt values ('D05','회계','회계 정보 접근');
insert into dpt values ('D06','관리','Admin 사이트 관리');
insert into lvl values ('L07','deleted','회원 탈퇴');

insert into empl values (1001,'영업일','test!111','01043211111','empl1001@bitjeju.com','강아지','2020-1-1','D01');
insert into empl values (1002,'영업이','test!111','01043211112','empl1002@bitjeju.com','강아지','2020-3-1','D01');
insert into empl values (1003,'행정일','test!111','01043211113','empl1003@bitjeju.com','강아지','2020-6-1','D02');
insert into empl values (1004,'행정이','test!111','01043211114','empl1004@bitjeju.com','강아지','2020-8-1','D02');
insert into empl values (1005,'행정삼','test!111','01043211115','empl1005@bitjeju.com','강아지','2020-1-1','D02');
insert into empl values (1006,'회계일','test!111','01043211116','empl1006@bitjeju.com','강아지','2020-3-1','D05');
insert into empl values (1007,'취업일','test!111','01043211117','empl1007@bitjeju.com','강아지','2020-6-1','D04');
insert into empl values (1008,'설민석','test!111','01043211118','empl1008@bitjeju.com','강아지','2020-8-1','D03');
insert into empl values (1009,'정승제','test!111','01043211119','empl1009@bitjeju.com','강아지','2020-1-1','D03');
insert into empl values (1010,'황현필','test!111','01043211120','empl1010@bitjeju.com','강아지','2020-3-1','D03');
insert into empl values (1011,'관리일','test!111','01043211121','admin@bitjeju.com','강아지','2020-1-1','D06');

insert into crs values (crs_seq.nextval,'디지털컨버전스 기반 자바(JAVA)응용SW개발자 양성과정','2020-7-1','2020-9-30','55','30','401','1008','1001');
insert into crs values (crs_seq.nextval,'디지털컨버전스 기반 Framework 전문 개발자 양성과정','2020-7-1','2020-9-30','55','30','402','1009','1002');
insert into crs values (crs_seq.nextval,'디지털컨버전스기반 융합기술을 활용한sw 웹 개발자 양성과정 A','2020-7-1','2020-9-30','55','30','403','1010','1001');
insert into crs values (crs_seq.nextval,'디지털컨버전스 기반 자바(JAVA)응용SW개발자 양성과정 A','2020-10-1','2020-12-31','55','30','401','1008','1002');
insert into crs values (crs_seq.nextval,'디지털컨버전스 기반 자바(JAVA)응용SW개발자 양성과정 B','2020-10-1','2020-12-31','55','30','402','1009','1001');
insert into crs values (crs_seq.nextval,'디지털컨버전스 기반 자바(JAVA)응용SW개발자 양성과정 C','2020-10-1','2020-12-31','55','30','403','1010','1002');

insert into ntc values (ntc_seq.nextval,'제주센터 오픈 안내','센터공지','제주센터 오픈 안내','2020-6-1','2021-06-01','','1003','');
insert into ntc values (ntc_seq.nextval,'제주센터 찾아오시는 길 안내','센터공지','제주센터 찾아오시는 길 안내','2020-6-1','2021-06-01','','1003','');
insert into ntc values (ntc_seq.nextval,'센터 방문 이벤트','센터공지','센터 방문 이벤트','2020-6-1','2021-06-01','','1003','');
insert into ntc values (ntc_seq.nextval,'디지털컨버전스 기반 자바(JAVA)응용SW개발자 양성과정','과정공지','디지털컨버전스 기반 자바(JAVA)응용SW개발자 양성과정','2020-6-1','2021-06-01','1','1003','');
insert into ntc values (ntc_seq.nextval,'디지털컨버전스 기반 Framework 전문 개발자 양성과정','과정공지','디지털컨버전스 기반 Framework 전문 개발자 양성과정','2020-6-1','2021-06-01','2','1004','');
insert into ntc values (ntc_seq.nextval,'디지털컨버전스기반 융합기술을 활용한sw 웹 개발자 양성과정 A','과정공지','디지털컨버전스기반 융합기술을 활용한sw 웹 개발자 양성과정 A','2020-6-1','2021-06-01','3','1005','');
insert into ntc values (ntc_seq.nextval,'디지털컨버전스 기반 자바(JAVA)응용SW개발자 양성과정 A','과정공지','디지털컨버전스 기반 자바(JAVA)응용SW개발자 양성과정 A','2020-8-1','2021-08-01','4','1003','');
insert into ntc values (ntc_seq.nextval,'디지털컨버전스 기반 자바(JAVA)응용SW개발자 양성과정 B','과정공지','디지털컨버전스 기반 자바(JAVA)응용SW개발자 양성과정 B','2020-8-1','2021-08-01','5','1004','');
insert into ntc values (ntc_seq.nextval,'디지털컨버전스 기반 자바(JAVA)응용SW개발자 양성과정 C','과정공지','디지털컨버전스 기반 자바(JAVA)응용SW개발자 양성과정 C','2020-8-1','2021-08-01','6','1005','');

insert into lvl values ('L01','member','온라인회원');
insert into lvl values ('L02','register','수강신청한 회원');
insert into lvl values ('L03','student','현재 수강생');
insert into lvl values ('L04','alum','졸업생');
insert into lvl values ('L05','hired','졸업후 취업');
insert into lvl values ('L06','drop','수강 중단');

insert into mbr values ('user1','test!111','회원1','01012341111','user1@bitjeju.com','강아지','L01');
insert into mbr values ('user2','test!111','회원2','01012341112','user2@bitjeju.com','강아지','L01');
insert into mbr values ('user3','test!111','회원3','01012341113','user3@bitjeju.com','강아지','L01');
insert into mbr values ('user4','test!111','회원4','01012341114','user4@bitjeju.com','강아지','L01');
insert into mbr values ('user5','test!111','회원5','01012341115','user5@bitjeju.com','강아지','L01');
insert into mbr values ('user6','test!111','회원6','01012341116','user6@bitjeju.com','강아지','L01');
insert into mbr values ('user7','test!111','회원7','01012341117','user7@bitjeju.com','강아지','L01');
insert into mbr values ('user8','test!111','회원8','01012341118','user8@bitjeju.com','강아지','L01');
insert into mbr values ('user9','test!111','회원9','01012341119','user9@bitjeju.com','강아지','L01');
insert into mbr values ('user10','test!111','회원10','01012341120','user10@bitjeju.com','강아지','L01');
insert into mbr values ('user11','test!111','회원11','01012341121','user11@bitjeju.com','강아지','L03');
insert into mbr values ('user12','test!111','회원12','01012341122','user12@bitjeju.com','강아지','L03');
insert into mbr values ('user13','test!111','회원13','01012341123','user13@bitjeju.com','강아지','L03');
insert into mbr values ('user14','test!111','회원14','01012341124','user14@bitjeju.com','강아지','L03');
insert into mbr values ('user15','test!111','회원15','01012341125','user15@bitjeju.com','강아지','L03');
insert into mbr values ('user16','test!111','회원16','01012341126','user16@bitjeju.com','강아지','L03');
insert into mbr values ('user17','test!111','회원17','01012341127','user17@bitjeju.com','강아지','L03');
insert into mbr values ('user18','test!111','회원18','01012341128','user18@bitjeju.com','강아지','L03');
insert into mbr values ('user19','test!111','회원19','01012341129','user19@bitjeju.com','강아지','L03');
insert into mbr values ('user20','test!111','회원20','01012341130','user20@bitjeju.com','강아지','L03');
insert into mbr values ('user21','test!111','회원21','01012341131','user21@bitjeju.com','강아지','L03');
insert into mbr values ('user22','test!111','회원22','01012341132','user22@bitjeju.com','강아지','L03');
insert into mbr values ('user23','test!111','회원23','01012341133','user23@bitjeju.com','강아지','L03');
insert into mbr values ('user24','test!111','회원24','01012341134','user24@bitjeju.com','강아지','L03');
insert into mbr values ('user25','test!111','회원25','01012341135','user25@bitjeju.com','강아지','L03');
insert into mbr values ('user26','test!111','회원26','01012341136','user26@bitjeju.com','강아지','L03');
insert into mbr values ('user27','test!111','회원27','01012341137','user27@bitjeju.com','강아지','L03');
insert into mbr values ('user28','test!111','회원28','01012341138','user28@bitjeju.com','강아지','L03');
insert into mbr values ('user29','test!111','회원29','01012341139','user29@bitjeju.com','강아지','L03');
insert into mbr values ('user30','test!111','회원30','01012341140','user30@bitjeju.com','강아지','L03');
insert into mbr values ('user31','test!111','회원31','01012341141','user31@bitjeju.com','강아지','L03');
insert into mbr values ('user32','test!111','회원32','01012341142','user32@bitjeju.com','강아지','L03');
insert into mbr values ('user33','test!111','회원33','01012341143','user33@bitjeju.com','강아지','L03');
insert into mbr values ('user34','test!111','회원34','01012341144','user34@bitjeju.com','강아지','L03');
insert into mbr values ('user35','test!111','회원35','01012341145','user35@bitjeju.com','강아지','L03');
insert into mbr values ('user36','test!111','회원36','01012341146','user36@bitjeju.com','강아지','L03');
insert into mbr values ('user37','test!111','회원37','01012341147','user37@bitjeju.com','강아지','L03');
insert into mbr values ('user38','test!111','회원38','01012341148','user38@bitjeju.com','강아지','L03');
insert into mbr values ('user39','test!111','회원39','01012341149','user39@bitjeju.com','강아지','L03');
insert into mbr values ('user40','test!111','회원40','01012341150','user40@bitjeju.com','강아지','L03');
insert into mbr values ('user41','test!111','회원41','01012341151','user41@bitjeju.com','강아지','L03');
insert into mbr values ('user42','test!111','회원42','01012341152','user42@bitjeju.com','강아지','L03');
insert into mbr values ('user43','test!111','회원43','01012341153','user43@bitjeju.com','강아지','L03');
insert into mbr values ('user44','test!111','회원44','01012341154','user44@bitjeju.com','강아지','L03');
insert into mbr values ('user45','test!111','회원45','01012341155','user45@bitjeju.com','강아지','L03');
insert into mbr values ('user46','test!111','회원46','01012341156','user46@bitjeju.com','강아지','L03');
insert into mbr values ('user47','test!111','회원47','01012341157','user47@bitjeju.com','강아지','L03');
insert into mbr values ('user48','test!111','회원48','01012341158','user48@bitjeju.com','강아지','L03');
insert into mbr values ('user49','test!111','회원49','01012341159','user49@bitjeju.com','강아지','L03');
insert into mbr values ('user50','test!111','회원50','01012341160','user50@bitjeju.com','강아지','L03');
insert into mbr values ('user51','test!111','회원51','01012341161','user51@bitjeju.com','강아지','L03');
insert into mbr values ('user52','test!111','회원52','01012341162','user52@bitjeju.com','강아지','L03');
insert into mbr values ('user53','test!111','회원53','01012341163','user53@bitjeju.com','강아지','L03');
insert into mbr values ('user54','test!111','회원54','01012341164','user54@bitjeju.com','강아지','L03');
insert into mbr values ('user55','test!111','회원55','01012341165','user55@bitjeju.com','강아지','L03');
insert into mbr values ('user56','test!111','회원56','01012341166','user56@bitjeju.com','강아지','L03');
insert into mbr values ('user57','test!111','회원57','01012341167','user57@bitjeju.com','강아지','L03');
insert into mbr values ('user58','test!111','회원58','01012341168','user58@bitjeju.com','강아지','L03');
insert into mbr values ('user59','test!111','회원59','01012341169','user59@bitjeju.com','강아지','L03');
insert into mbr values ('user60','test!111','회원60','01012341170','user60@bitjeju.com','강아지','L03');
insert into mbr values ('user61','test!111','회원61','01012341171','user61@bitjeju.com','강아지','L03');
insert into mbr values ('user62','test!111','회원62','01012341172','user62@bitjeju.com','강아지','L03');
insert into mbr values ('user63','test!111','회원63','01012341173','user63@bitjeju.com','강아지','L03');
insert into mbr values ('user64','test!111','회원64','01012341174','user64@bitjeju.com','강아지','L03');
insert into mbr values ('user65','test!111','회원65','01012341175','user65@bitjeju.com','강아지','L03');
insert into mbr values ('user66','test!111','회원66','01012341176','user66@bitjeju.com','강아지','L03');
insert into mbr values ('user67','test!111','회원67','01012341177','user67@bitjeju.com','강아지','L03');
insert into mbr values ('user68','test!111','회원68','01012341178','user68@bitjeju.com','강아지','L03');
insert into mbr values ('user69','test!111','회원69','01012341179','user69@bitjeju.com','강아지','L03');
insert into mbr values ('user70','test!111','회원70','01012341180','user70@bitjeju.com','강아지','L03');
insert into mbr values ('user71','test!111','회원71','01012341181','user71@bitjeju.com','강아지','L03');
insert into mbr values ('user72','test!111','회원72','01012341182','user72@bitjeju.com','강아지','L03');
insert into mbr values ('user73','test!111','회원73','01012341183','user73@bitjeju.com','강아지','L03');
insert into mbr values ('user74','test!111','회원74','01012341184','user74@bitjeju.com','강아지','L03');
insert into mbr values ('user75','test!111','회원75','01012341185','user75@bitjeju.com','강아지','L03');
insert into mbr values ('user76','test!111','회원76','01012341186','user76@bitjeju.com','강아지','L03');
insert into mbr values ('user77','test!111','회원77','01012341187','user77@bitjeju.com','강아지','L03');
insert into mbr values ('user78','test!111','회원78','01012341188','user78@bitjeju.com','강아지','L03');
insert into mbr values ('user79','test!111','회원79','01012341189','user79@bitjeju.com','강아지','L03');
insert into mbr values ('user80','test!111','회원80','01012341190','user80@bitjeju.com','강아지','L03');
insert into mbr values ('user81','test!111','회원81','01012341191','user81@bitjeju.com','강아지','L03');
insert into mbr values ('user82','test!111','회원82','01012341192','user82@bitjeju.com','강아지','L03');
insert into mbr values ('user83','test!111','회원83','01012341193','user83@bitjeju.com','강아지','L03');
insert into mbr values ('user84','test!111','회원84','01012341194','user84@bitjeju.com','강아지','L03');
insert into mbr values ('user85','test!111','회원85','01012341195','user85@bitjeju.com','강아지','L03');
insert into mbr values ('user86','test!111','회원86','01012341196','user86@bitjeju.com','강아지','L03');
insert into mbr values ('user87','test!111','회원87','01012341197','user87@bitjeju.com','강아지','L03');
insert into mbr values ('user88','test!111','회원88','01012341198','user88@bitjeju.com','강아지','L03');
insert into mbr values ('user89','test!111','회원89','01012341199','user89@bitjeju.com','강아지','L03');
insert into mbr values ('user90','test!111','회원90','01012341200','user90@bitjeju.com','강아지','L03');
insert into mbr values ('user91','test!111','회원91','01012341201','user91@bitjeju.com','강아지','L03');
insert into mbr values ('user92','test!111','회원92','01012341202','user92@bitjeju.com','강아지','L03');
insert into mbr values ('user93','test!111','회원93','01012341203','user93@bitjeju.com','강아지','L03');
insert into mbr values ('user94','test!111','회원94','01012341204','user94@bitjeju.com','강아지','L03');
insert into mbr values ('user95','test!111','회원95','01012341205','user95@bitjeju.com','강아지','L03');
insert into mbr values ('user96','test!111','회원96','01012341206','user96@bitjeju.com','강아지','L03');
insert into mbr values ('user97','test!111','회원97','01012341207','user97@bitjeju.com','강아지','L03');
insert into mbr values ('user98','test!111','회원98','01012341208','user98@bitjeju.com','강아지','L03');
insert into mbr values ('user99','test!111','회원99','01012341209','user99@bitjeju.com','강아지','L03');
insert into mbr values ('user100','test!111','회원100','01012341210','user100@bitjeju.com','강아지','L03');

insert into std values (std_seq.nextval,'user11','1','2020-7-31','81','2020-8-1','82','2020-8-10','87');
insert into std values (std_seq.nextval,'user12','1','2020-7-31','82','2020-8-1','83','2020-8-10','88');
insert into std values (std_seq.nextval,'user13','1','2020-7-31','83','2020-8-1','84','2020-8-10','89');
insert into std values (std_seq.nextval,'user14','1','2020-7-31','84','2020-8-1','85','2020-8-10','90');
insert into std values (std_seq.nextval,'user15','1','2020-7-31','85','2020-8-1','86','2020-8-10','91');
insert into std values (std_seq.nextval,'user16','1','2020-7-31','86','2020-8-1','87','2020-8-10','92');
insert into std values (std_seq.nextval,'user17','1','2020-7-31','87','2020-8-1','88','2020-8-10','93');
insert into std values (std_seq.nextval,'user18','1','2020-7-31','88','2020-8-1','89','2020-8-10','94');
insert into std values (std_seq.nextval,'user19','1','2020-7-31','89','2020-8-1','90','2020-8-10','95');
insert into std values (std_seq.nextval,'user20','1','2020-7-31','90','2020-8-1','91','2020-8-10','96');
insert into std values (std_seq.nextval,'user21','1','2020-7-31','91','2020-8-1','92','2020-8-10','97');
insert into std values (std_seq.nextval,'user22','1','2020-7-31','92','2020-8-1','93','2020-8-10','98');
insert into std values (std_seq.nextval,'user23','1','2020-7-31','93','2020-8-1','94','2020-8-10','99');
insert into std values (std_seq.nextval,'user24','1','2020-7-31','94','2020-8-1','95','2020-8-10','100');
insert into std values (std_seq.nextval,'user25','1','2020-7-31','95','2020-8-1','96','2020-8-10','100');
insert into std values (std_seq.nextval,'user26','2','2020-7-31','71','2020-8-1','72','2020-8-10','77');
insert into std values (std_seq.nextval,'user27','2','2020-7-31','72','2020-8-1','73','2020-8-10','78');
insert into std values (std_seq.nextval,'user28','2','2020-7-31','73','2020-8-1','74','2020-8-10','79');
insert into std values (std_seq.nextval,'user29','2','2020-7-31','74','2020-8-1','75','2020-8-10','80');
insert into std values (std_seq.nextval,'user30','2','2020-7-31','75','2020-8-1','76','2020-8-10','81');
insert into std values (std_seq.nextval,'user31','2','2020-7-31','76','2020-8-1','77','2020-8-10','82');
insert into std values (std_seq.nextval,'user32','2','2020-7-31','77','2020-8-1','78','2020-8-10','83');
insert into std values (std_seq.nextval,'user33','2','2020-7-31','78','2020-8-1','79','2020-8-10','84');
insert into std values (std_seq.nextval,'user34','2','2020-7-31','79','2020-8-1','80','2020-8-10','85');
insert into std values (std_seq.nextval,'user35','2','2020-7-31','80','2020-8-1','81','2020-8-10','86');
insert into std values (std_seq.nextval,'user36','2','2020-7-31','81','2020-8-1','82','2020-8-10','87');
insert into std values (std_seq.nextval,'user37','2','2020-7-31','82','2020-8-1','83','2020-8-10','88');
insert into std values (std_seq.nextval,'user38','2','2020-7-31','83','2020-8-1','84','2020-8-10','89');
insert into std values (std_seq.nextval,'user39','2','2020-7-31','84','2020-8-1','85','2020-8-10','90');
insert into std values (std_seq.nextval,'user40','2','2020-7-31','85','2020-8-1','86','2020-8-10','91');
insert into std values (std_seq.nextval,'user41','3','2020-7-31','61','2020-8-1','62','2020-8-10','67');
insert into std values (std_seq.nextval,'user42','3','2020-7-31','62','2020-8-1','63','2020-8-10','68');
insert into std values (std_seq.nextval,'user43','3','2020-7-31','63','2020-8-1','64','2020-8-10','69');
insert into std values (std_seq.nextval,'user44','3','2020-7-31','64','2020-8-1','65','2020-8-10','70');
insert into std values (std_seq.nextval,'user45','3','2020-7-31','65','2020-8-1','66','2020-8-10','71');
insert into std values (std_seq.nextval,'user46','3','2020-7-31','66','2020-8-1','67','2020-8-10','72');
insert into std values (std_seq.nextval,'user47','3','2020-7-31','67','2020-8-1','68','2020-8-10','73');
insert into std values (std_seq.nextval,'user48','3','2020-7-31','68','2020-8-1','69','2020-8-10','74');
insert into std values (std_seq.nextval,'user49','3','2020-7-31','69','2020-8-1','70','2020-8-10','75');
insert into std values (std_seq.nextval,'user50','3','2020-7-31','70','2020-8-1','71','2020-8-10','76');
insert into std values (std_seq.nextval,'user51','3','2020-7-31','71','2020-8-1','72','2020-8-10','77');
insert into std values (std_seq.nextval,'user52','3','2020-7-31','72','2020-8-1','73','2020-8-10','78');
insert into std values (std_seq.nextval,'user53','3','2020-7-31','73','2020-8-1','74','2020-8-10','79');
insert into std values (std_seq.nextval,'user54','3','2020-7-31','74','2020-8-1','75','2020-8-10','80');
insert into std values (std_seq.nextval,'user55','3','2020-7-31','75','2020-8-1','76','2020-8-10','81');
insert into std values (std_seq.nextval,'user56','4','','','','','','');
insert into std values (std_seq.nextval,'user57','4','','','','','','');
insert into std values (std_seq.nextval,'user58','4','','','','','','');
insert into std values (std_seq.nextval,'user59','4','','','','','','');
insert into std values (std_seq.nextval,'user60','4','','','','','','');
insert into std values (std_seq.nextval,'user61','4','','','','','','');
insert into std values (std_seq.nextval,'user62','4','','','','','','');
insert into std values (std_seq.nextval,'user63','4','','','','','','');
insert into std values (std_seq.nextval,'user64','4','','','','','','');
insert into std values (std_seq.nextval,'user65','4','','','','','','');
insert into std values (std_seq.nextval,'user66','4','','','','','','');
insert into std values (std_seq.nextval,'user67','4','','','','','','');
insert into std values (std_seq.nextval,'user68','4','','','','','','');
insert into std values (std_seq.nextval,'user69','4','','','','','','');
insert into std values (std_seq.nextval,'user70','4','','','','','','');
insert into std values (std_seq.nextval,'user71','5','','','','','','');
insert into std values (std_seq.nextval,'user72','5','','','','','','');
insert into std values (std_seq.nextval,'user73','5','','','','','','');
insert into std values (std_seq.nextval,'user74','5','','','','','','');
insert into std values (std_seq.nextval,'user75','5','','','','','','');
insert into std values (std_seq.nextval,'user76','5','','','','','','');
insert into std values (std_seq.nextval,'user77','5','','','','','','');
insert into std values (std_seq.nextval,'user78','5','','','','','','');
insert into std values (std_seq.nextval,'user79','5','','','','','','');
insert into std values (std_seq.nextval,'user80','5','','','','','','');
insert into std values (std_seq.nextval,'user81','5','','','','','','');
insert into std values (std_seq.nextval,'user82','5','','','','','','');
insert into std values (std_seq.nextval,'user83','5','','','','','','');
insert into std values (std_seq.nextval,'user84','5','','','','','','');
insert into std values (std_seq.nextval,'user85','5','','','','','','');
insert into std values (std_seq.nextval,'user86','5','','','','','','');
insert into std values (std_seq.nextval,'user87','5','','','','','','');
insert into std values (std_seq.nextval,'user88','5','','','','','','');
insert into std values (std_seq.nextval,'user89','5','','','','','','');
insert into std values (std_seq.nextval,'user90','5','','','','','','');
insert into std values (std_seq.nextval,'user91','6','','','','','','');
insert into std values (std_seq.nextval,'user92','6','','','','','','');
insert into std values (std_seq.nextval,'user93','6','','','','','','');
insert into std values (std_seq.nextval,'user94','6','','','','','','');
insert into std values (std_seq.nextval,'user95','6','','','','','','');
insert into std values (std_seq.nextval,'user96','6','','','','','','');
insert into std values (std_seq.nextval,'user97','6','','','','','','');
insert into std values (std_seq.nextval,'user98','6','','','','','','');
insert into std values (std_seq.nextval,'user99','6','','','','','','');
insert into std values (std_seq.nextval,'user100','6','','','','','','');

insert into att values (att_seq.nextval,'1','2020-07-01','1','1');
insert into att values (att_seq.nextval,'1','2020-07-02','2','1');
insert into att values (att_seq.nextval,'1','2020-07-03','1','1');
insert into att values (att_seq.nextval,'1','2020-07-06','1','3');
insert into att values (att_seq.nextval,'1','2020-07-07','1','1');
insert into att values (att_seq.nextval,'1','2020-07-08','0','1');
insert into att values (att_seq.nextval,'1','2020-07-09','0','0');
insert into att values (att_seq.nextval,'1','2020-07-10','1','1');
insert into att values (att_seq.nextval,'1','2020-07-13','1','1');
insert into att values (att_seq.nextval,'1','2020-07-14','1','1');
insert into att values (att_seq.nextval,'1','2020-07-15','1','1');
insert into att values (att_seq.nextval,'1','2020-07-16','2','1');
insert into att values (att_seq.nextval,'1','2020-07-17','1','1');
insert into att values (att_seq.nextval,'1','2020-07-20','1','1');
insert into att values (att_seq.nextval,'1','2020-07-21','1','3');
insert into att values (att_seq.nextval,'1','2020-07-22','1','1');
insert into att values (att_seq.nextval,'1','2020-07-23','1','1');
insert into att values (att_seq.nextval,'1','2020-07-24','1','1');
insert into att values (att_seq.nextval,'1','2020-07-27','1','1');
insert into att values (att_seq.nextval,'1','2020-07-28','1','1');
insert into att values (att_seq.nextval,'1','2020-07-29','1','1');
insert into att values (att_seq.nextval,'1','2020-07-30','1','1');
insert into att values (att_seq.nextval,'1','2020-07-31','1','1');
insert into att values (att_seq.nextval,'2','2020-07-01','1','1');
insert into att values (att_seq.nextval,'2','2020-07-02','2','1');
insert into att values (att_seq.nextval,'2','2020-07-03','1','1');
insert into att values (att_seq.nextval,'2','2020-07-06','1','3');
insert into att values (att_seq.nextval,'2','2020-07-07','1','1');
insert into att values (att_seq.nextval,'2','2020-07-08','1','1');
insert into att values (att_seq.nextval,'2','2020-07-09','0','0');
insert into att values (att_seq.nextval,'2','2020-07-10','1','1');
insert into att values (att_seq.nextval,'2','2020-07-13','1','1');
insert into att values (att_seq.nextval,'2','2020-07-14','0','1');
insert into att values (att_seq.nextval,'2','2020-07-15','1','1');
insert into att values (att_seq.nextval,'2','2020-07-16','2','1');
insert into att values (att_seq.nextval,'2','2020-07-17','1','1');
insert into att values (att_seq.nextval,'2','2020-07-20','1','1');
insert into att values (att_seq.nextval,'2','2020-07-21','1','3');
insert into att values (att_seq.nextval,'2','2020-07-22','2','1');
insert into att values (att_seq.nextval,'2','2020-07-23','1','1');
insert into att values (att_seq.nextval,'2','2020-07-24','1','1');
insert into att values (att_seq.nextval,'2','2020-07-27','1','1');
insert into att values (att_seq.nextval,'2','2020-07-28','1','1');
insert into att values (att_seq.nextval,'2','2020-07-29','1','1');
insert into att values (att_seq.nextval,'2','2020-07-30','1','1');
insert into att values (att_seq.nextval,'2','2020-07-31','1','1');
insert into att values (att_seq.nextval,'3','2020-07-01','1','1');
insert into att values (att_seq.nextval,'3','2020-07-02','2','1');
insert into att values (att_seq.nextval,'3','2020-07-03','1','1');
insert into att values (att_seq.nextval,'3','2020-07-06','1','3');
insert into att values (att_seq.nextval,'3','2020-07-07','1','1');
insert into att values (att_seq.nextval,'3','2020-07-08','1','1');
insert into att values (att_seq.nextval,'3','2020-07-09','0','0');
insert into att values (att_seq.nextval,'3','2020-07-10','1','1');
insert into att values (att_seq.nextval,'3','2020-07-13','1','1');
insert into att values (att_seq.nextval,'3','2020-07-14','1','1');
insert into att values (att_seq.nextval,'3','2020-07-15','1','1');
insert into att values (att_seq.nextval,'3','2020-07-16','2','1');
insert into att values (att_seq.nextval,'3','2020-07-17','1','1');
insert into att values (att_seq.nextval,'3','2020-07-20','0','1');
insert into att values (att_seq.nextval,'3','2020-07-21','1','3');
insert into att values (att_seq.nextval,'3','2020-07-22','1','1');
insert into att values (att_seq.nextval,'3','2020-07-23','2','1');
insert into att values (att_seq.nextval,'3','2020-07-24','1','1');
insert into att values (att_seq.nextval,'3','2020-07-27','1','1');
insert into att values (att_seq.nextval,'3','2020-07-28','1','1');
insert into att values (att_seq.nextval,'3','2020-07-29','1','1');
insert into att values (att_seq.nextval,'3','2020-07-30','1','1');
insert into att values (att_seq.nextval,'3','2020-07-31','1','1');
insert into att values (att_seq.nextval,'4','2020-07-01','1','1');
insert into att values (att_seq.nextval,'4','2020-07-02','2','1');
insert into att values (att_seq.nextval,'4','2020-07-03','1','1');
insert into att values (att_seq.nextval,'4','2020-07-06','1','3');
insert into att values (att_seq.nextval,'4','2020-07-07','1','1');
insert into att values (att_seq.nextval,'4','2020-07-08','1','1');
insert into att values (att_seq.nextval,'4','2020-07-09','0','0');
insert into att values (att_seq.nextval,'4','2020-07-10','1','1');
insert into att values (att_seq.nextval,'4','2020-07-13','1','1');
insert into att values (att_seq.nextval,'4','2020-07-14','1','1');
insert into att values (att_seq.nextval,'4','2020-07-15','1','1');
insert into att values (att_seq.nextval,'4','2020-07-16','2','1');
insert into att values (att_seq.nextval,'4','2020-07-17','1','1');
insert into att values (att_seq.nextval,'4','2020-07-20','1','1');
insert into att values (att_seq.nextval,'4','2020-07-21','1','3');
insert into att values (att_seq.nextval,'4','2020-07-22','1','1');
insert into att values (att_seq.nextval,'4','2020-07-23','1','1');
insert into att values (att_seq.nextval,'4','2020-07-24','1','1');
insert into att values (att_seq.nextval,'4','2020-07-27','1','1');
insert into att values (att_seq.nextval,'4','2020-07-28','2','1');
insert into att values (att_seq.nextval,'4','2020-07-29','1','1');
insert into att values (att_seq.nextval,'4','2020-07-30','0','1');
insert into att values (att_seq.nextval,'4','2020-07-31','1','1');
insert into att values (att_seq.nextval,'5','2020-07-01','1','1');
insert into att values (att_seq.nextval,'5','2020-07-02','2','1');
insert into att values (att_seq.nextval,'5','2020-07-03','1','1');
insert into att values (att_seq.nextval,'5','2020-07-06','1','3');
insert into att values (att_seq.nextval,'5','2020-07-07','0','0');
insert into att values (att_seq.nextval,'5','2020-07-08','1','1');
insert into att values (att_seq.nextval,'5','2020-07-09','0','0');
insert into att values (att_seq.nextval,'5','2020-07-10','1','1');
insert into att values (att_seq.nextval,'5','2020-07-13','1','1');
insert into att values (att_seq.nextval,'5','2020-07-14','1','1');
insert into att values (att_seq.nextval,'5','2020-07-15','1','1');
insert into att values (att_seq.nextval,'5','2020-07-16','2','1');
insert into att values (att_seq.nextval,'5','2020-07-17','1','1');
insert into att values (att_seq.nextval,'5','2020-07-20','1','1');
insert into att values (att_seq.nextval,'5','2020-07-21','1','3');
insert into att values (att_seq.nextval,'5','2020-07-22','1','1');
insert into att values (att_seq.nextval,'5','2020-07-23','2','1');
insert into att values (att_seq.nextval,'5','2020-07-24','1','1');
insert into att values (att_seq.nextval,'5','2020-07-27','1','1');
insert into att values (att_seq.nextval,'5','2020-07-28','1','1');
insert into att values (att_seq.nextval,'5','2020-07-29','1','1');
insert into att values (att_seq.nextval,'5','2020-07-30','1','1');
insert into att values (att_seq.nextval,'5','2020-07-31','1','1');
insert into att values (att_seq.nextval,'6','2020-07-01','1','1');
insert into att values (att_seq.nextval,'6','2020-07-02','2','1');
insert into att values (att_seq.nextval,'6','2020-07-03','1','1');
insert into att values (att_seq.nextval,'6','2020-07-06','1','3');
insert into att values (att_seq.nextval,'6','2020-07-07','1','1');
insert into att values (att_seq.nextval,'6','2020-07-08','1','1');
insert into att values (att_seq.nextval,'6','2020-07-09','0','0');
insert into att values (att_seq.nextval,'6','2020-07-10','1','1');
insert into att values (att_seq.nextval,'6','2020-07-13','1','1');
insert into att values (att_seq.nextval,'6','2020-07-14','1','1');
insert into att values (att_seq.nextval,'6','2020-07-15','1','1');
insert into att values (att_seq.nextval,'6','2020-07-16','2','1');
insert into att values (att_seq.nextval,'6','2020-07-17','0','1');
insert into att values (att_seq.nextval,'6','2020-07-20','1','1');
insert into att values (att_seq.nextval,'6','2020-07-21','1','3');
insert into att values (att_seq.nextval,'6','2020-07-22','1','1');
insert into att values (att_seq.nextval,'6','2020-07-23','0','0');
insert into att values (att_seq.nextval,'6','2020-07-24','2','1');
insert into att values (att_seq.nextval,'6','2020-07-27','1','1');
insert into att values (att_seq.nextval,'6','2020-07-28','1','1');
insert into att values (att_seq.nextval,'6','2020-07-29','1','1');
insert into att values (att_seq.nextval,'6','2020-07-30','1','1');
insert into att values (att_seq.nextval,'6','2020-07-31','1','1');
insert into att values (att_seq.nextval,'7','2020-07-01','1','1');
insert into att values (att_seq.nextval,'7','2020-07-02','2','1');
insert into att values (att_seq.nextval,'7','2020-07-03','1','1');
insert into att values (att_seq.nextval,'7','2020-07-06','1','3');
insert into att values (att_seq.nextval,'7','2020-07-07','1','1');
insert into att values (att_seq.nextval,'7','2020-07-08','1','1');
insert into att values (att_seq.nextval,'7','2020-07-09','0','0');
insert into att values (att_seq.nextval,'7','2020-07-10','1','1');
insert into att values (att_seq.nextval,'7','2020-07-13','1','1');
insert into att values (att_seq.nextval,'7','2020-07-14','1','1');
insert into att values (att_seq.nextval,'7','2020-07-15','1','1');
insert into att values (att_seq.nextval,'7','2020-07-16','2','1');
insert into att values (att_seq.nextval,'7','2020-07-17','1','1');
insert into att values (att_seq.nextval,'7','2020-07-20','1','1');
insert into att values (att_seq.nextval,'7','2020-07-21','1','3');
insert into att values (att_seq.nextval,'7','2020-07-22','1','1');
insert into att values (att_seq.nextval,'7','2020-07-23','1','1');
insert into att values (att_seq.nextval,'7','2020-07-24','1','1');
insert into att values (att_seq.nextval,'7','2020-07-27','1','1');
insert into att values (att_seq.nextval,'7','2020-07-28','1','1');
insert into att values (att_seq.nextval,'7','2020-07-29','1','1');
insert into att values (att_seq.nextval,'7','2020-07-30','1','1');
insert into att values (att_seq.nextval,'7','2020-07-31','1','1');
insert into att values (att_seq.nextval,'8','2020-07-01','1','1');
insert into att values (att_seq.nextval,'8','2020-07-02','2','1');
insert into att values (att_seq.nextval,'8','2020-07-03','0','0');
insert into att values (att_seq.nextval,'8','2020-07-06','1','3');
insert into att values (att_seq.nextval,'8','2020-07-07','1','1');
insert into att values (att_seq.nextval,'8','2020-07-08','1','1');
insert into att values (att_seq.nextval,'8','2020-07-09','0','0');
insert into att values (att_seq.nextval,'8','2020-07-10','1','1');
insert into att values (att_seq.nextval,'8','2020-07-13','1','1');
insert into att values (att_seq.nextval,'8','2020-07-14','1','1');
insert into att values (att_seq.nextval,'8','2020-07-15','1','1');
insert into att values (att_seq.nextval,'8','2020-07-16','2','1');
insert into att values (att_seq.nextval,'8','2020-07-17','1','1');
insert into att values (att_seq.nextval,'8','2020-07-20','1','1');
insert into att values (att_seq.nextval,'8','2020-07-21','1','3');
insert into att values (att_seq.nextval,'8','2020-07-22','1','1');
insert into att values (att_seq.nextval,'8','2020-07-23','1','1');
insert into att values (att_seq.nextval,'8','2020-07-24','1','1');
insert into att values (att_seq.nextval,'8','2020-07-27','1','1');
insert into att values (att_seq.nextval,'8','2020-07-28','1','1');
insert into att values (att_seq.nextval,'8','2020-07-29','1','1');
insert into att values (att_seq.nextval,'8','2020-07-30','1','1');
insert into att values (att_seq.nextval,'8','2020-07-31','1','1');
insert into att values (att_seq.nextval,'9','2020-07-01','1','1');
insert into att values (att_seq.nextval,'9','2020-07-02','2','1');
insert into att values (att_seq.nextval,'9','2020-07-03','1','1');
insert into att values (att_seq.nextval,'9','2020-07-06','1','3');
insert into att values (att_seq.nextval,'9','2020-07-07','1','1');
insert into att values (att_seq.nextval,'9','2020-07-08','1','1');
insert into att values (att_seq.nextval,'9','2020-07-09','0','0');
insert into att values (att_seq.nextval,'9','2020-07-10','1','1');
insert into att values (att_seq.nextval,'9','2020-07-13','1','1');
insert into att values (att_seq.nextval,'9','2020-07-14','1','1');
insert into att values (att_seq.nextval,'9','2020-07-15','1','1');
insert into att values (att_seq.nextval,'9','2020-07-16','2','1');
insert into att values (att_seq.nextval,'9','2020-07-17','0','0');
insert into att values (att_seq.nextval,'9','2020-07-20','1','1');
insert into att values (att_seq.nextval,'9','2020-07-21','1','3');
insert into att values (att_seq.nextval,'9','2020-07-22','1','1');
insert into att values (att_seq.nextval,'9','2020-07-23','1','1');
insert into att values (att_seq.nextval,'9','2020-07-24','2','1');
insert into att values (att_seq.nextval,'9','2020-07-27','1','1');
insert into att values (att_seq.nextval,'9','2020-07-28','1','1');
insert into att values (att_seq.nextval,'9','2020-07-29','1','1');
insert into att values (att_seq.nextval,'9','2020-07-30','1','1');
insert into att values (att_seq.nextval,'9','2020-07-31','1','1');
insert into att values (att_seq.nextval,'10','2020-07-01','1','1');
insert into att values (att_seq.nextval,'10','2020-07-02','2','1');
insert into att values (att_seq.nextval,'10','2020-07-03','1','1');
insert into att values (att_seq.nextval,'10','2020-07-06','1','3');
insert into att values (att_seq.nextval,'10','2020-07-07','1','1');
insert into att values (att_seq.nextval,'10','2020-07-08','1','1');
insert into att values (att_seq.nextval,'10','2020-07-09','0','0');
insert into att values (att_seq.nextval,'10','2020-07-10','1','1');
insert into att values (att_seq.nextval,'10','2020-07-13','1','1');
insert into att values (att_seq.nextval,'10','2020-07-14','1','1');
insert into att values (att_seq.nextval,'10','2020-07-15','1','1');
insert into att values (att_seq.nextval,'10','2020-07-16','2','1');
insert into att values (att_seq.nextval,'10','2020-07-17','1','1');
insert into att values (att_seq.nextval,'10','2020-07-20','1','1');
insert into att values (att_seq.nextval,'10','2020-07-21','1','3');
insert into att values (att_seq.nextval,'10','2020-07-22','1','1');
insert into att values (att_seq.nextval,'10','2020-07-23','1','1');
insert into att values (att_seq.nextval,'10','2020-07-24','1','1');
insert into att values (att_seq.nextval,'10','2020-07-27','1','1');
insert into att values (att_seq.nextval,'10','2020-07-28','1','1');
insert into att values (att_seq.nextval,'10','2020-07-29','1','1');
insert into att values (att_seq.nextval,'10','2020-07-30','1','1');
insert into att values (att_seq.nextval,'10','2020-07-31','1','1');
insert into att values (att_seq.nextval,'11','2020-07-01','1','1');
insert into att values (att_seq.nextval,'11','2020-07-02','2','1');
insert into att values (att_seq.nextval,'11','2020-07-03','1','1');
insert into att values (att_seq.nextval,'11','2020-07-06','1','3');
insert into att values (att_seq.nextval,'11','2020-07-07','1','1');
insert into att values (att_seq.nextval,'11','2020-07-08','1','1');
insert into att values (att_seq.nextval,'11','2020-07-09','2','1');
insert into att values (att_seq.nextval,'11','2020-07-10','1','1');
insert into att values (att_seq.nextval,'11','2020-07-13','1','1');
insert into att values (att_seq.nextval,'11','2020-07-14','1','1');
insert into att values (att_seq.nextval,'11','2020-07-15','1','1');
insert into att values (att_seq.nextval,'11','2020-07-16','2','1');
insert into att values (att_seq.nextval,'11','2020-07-17','1','1');
insert into att values (att_seq.nextval,'11','2020-07-20','1','1');
insert into att values (att_seq.nextval,'11','2020-07-21','0','0');
insert into att values (att_seq.nextval,'11','2020-07-22','1','1');
insert into att values (att_seq.nextval,'11','2020-07-23','1','1');
insert into att values (att_seq.nextval,'11','2020-07-24','1','1');
insert into att values (att_seq.nextval,'11','2020-07-27','1','1');
insert into att values (att_seq.nextval,'11','2020-07-28','1','1');
insert into att values (att_seq.nextval,'11','2020-07-29','1','1');
insert into att values (att_seq.nextval,'11','2020-07-30','1','1');
insert into att values (att_seq.nextval,'11','2020-07-31','1','1');
insert into att values (att_seq.nextval,'12','2020-07-01','1','1');
insert into att values (att_seq.nextval,'12','2020-07-02','2','1');
insert into att values (att_seq.nextval,'12','2020-07-03','1','1');
insert into att values (att_seq.nextval,'12','2020-07-06','1','3');
insert into att values (att_seq.nextval,'12','2020-07-07','1','1');
insert into att values (att_seq.nextval,'12','2020-07-08','1','1');
insert into att values (att_seq.nextval,'12','2020-07-09','0','0');
insert into att values (att_seq.nextval,'12','2020-07-10','1','1');
insert into att values (att_seq.nextval,'12','2020-07-13','1','1');
insert into att values (att_seq.nextval,'12','2020-07-14','1','1');
insert into att values (att_seq.nextval,'12','2020-07-15','1','1');
insert into att values (att_seq.nextval,'12','2020-07-16','2','1');
insert into att values (att_seq.nextval,'12','2020-07-17','1','1');
insert into att values (att_seq.nextval,'12','2020-07-20','1','1');
insert into att values (att_seq.nextval,'12','2020-07-21','1','3');
insert into att values (att_seq.nextval,'12','2020-07-22','1','1');
insert into att values (att_seq.nextval,'12','2020-07-23','1','1');
insert into att values (att_seq.nextval,'12','2020-07-24','1','1');
insert into att values (att_seq.nextval,'12','2020-07-27','2','1');
insert into att values (att_seq.nextval,'12','2020-07-28','1','1');
insert into att values (att_seq.nextval,'12','2020-07-29','1','1');
insert into att values (att_seq.nextval,'12','2020-07-30','1','1');
insert into att values (att_seq.nextval,'12','2020-07-31','1','1');
insert into att values (att_seq.nextval,'13','2020-07-01','1','1');
insert into att values (att_seq.nextval,'13','2020-07-02','2','1');
insert into att values (att_seq.nextval,'13','2020-07-03','1','1');
insert into att values (att_seq.nextval,'13','2020-07-06','1','3');
insert into att values (att_seq.nextval,'13','2020-07-07','1','1');
insert into att values (att_seq.nextval,'13','2020-07-08','1','1');
insert into att values (att_seq.nextval,'13','2020-07-09','0','0');
insert into att values (att_seq.nextval,'13','2020-07-10','1','1');
insert into att values (att_seq.nextval,'13','2020-07-13','1','1');
insert into att values (att_seq.nextval,'13','2020-07-14','1','1');
insert into att values (att_seq.nextval,'13','2020-07-15','1','1');
insert into att values (att_seq.nextval,'13','2020-07-16','2','1');
insert into att values (att_seq.nextval,'13','2020-07-17','1','1');
insert into att values (att_seq.nextval,'13','2020-07-20','1','1');
insert into att values (att_seq.nextval,'13','2020-07-21','1','3');
insert into att values (att_seq.nextval,'13','2020-07-22','0','0');
insert into att values (att_seq.nextval,'13','2020-07-23','1','1');
insert into att values (att_seq.nextval,'13','2020-07-24','1','1');
insert into att values (att_seq.nextval,'13','2020-07-27','1','1');
insert into att values (att_seq.nextval,'13','2020-07-28','1','1');
insert into att values (att_seq.nextval,'13','2020-07-29','1','1');
insert into att values (att_seq.nextval,'13','2020-07-30','1','1');
insert into att values (att_seq.nextval,'13','2020-07-31','1','1');
insert into att values (att_seq.nextval,'14','2020-07-01','1','1');
insert into att values (att_seq.nextval,'14','2020-07-02','2','1');
insert into att values (att_seq.nextval,'14','2020-07-03','1','1');
insert into att values (att_seq.nextval,'14','2020-07-06','2','1');
insert into att values (att_seq.nextval,'14','2020-07-07','1','1');
insert into att values (att_seq.nextval,'14','2020-07-08','1','1');
insert into att values (att_seq.nextval,'14','2020-07-09','0','0');
insert into att values (att_seq.nextval,'14','2020-07-10','1','1');
insert into att values (att_seq.nextval,'14','2020-07-13','1','1');
insert into att values (att_seq.nextval,'14','2020-07-14','1','1');
insert into att values (att_seq.nextval,'14','2020-07-15','1','1');
insert into att values (att_seq.nextval,'14','2020-07-16','2','1');
insert into att values (att_seq.nextval,'14','2020-07-17','1','1');
insert into att values (att_seq.nextval,'14','2020-07-20','1','1');
insert into att values (att_seq.nextval,'14','2020-07-21','1','3');
insert into att values (att_seq.nextval,'14','2020-07-22','1','1');
insert into att values (att_seq.nextval,'14','2020-07-23','1','1');
insert into att values (att_seq.nextval,'14','2020-07-24','1','1');
insert into att values (att_seq.nextval,'14','2020-07-27','1','1');
insert into att values (att_seq.nextval,'14','2020-07-28','1','1');
insert into att values (att_seq.nextval,'14','2020-07-29','1','1');
insert into att values (att_seq.nextval,'14','2020-07-30','1','1');
insert into att values (att_seq.nextval,'14','2020-07-31','1','1');
insert into att values (att_seq.nextval,'15','2020-07-01','1','1');
insert into att values (att_seq.nextval,'15','2020-07-02','2','1');
insert into att values (att_seq.nextval,'15','2020-07-03','1','1');
insert into att values (att_seq.nextval,'15','2020-07-06','1','3');
insert into att values (att_seq.nextval,'15','2020-07-07','2','1');
insert into att values (att_seq.nextval,'15','2020-07-08','1','1');
insert into att values (att_seq.nextval,'15','2020-07-09','0','0');
insert into att values (att_seq.nextval,'15','2020-07-10','1','1');
insert into att values (att_seq.nextval,'15','2020-07-13','1','1');
insert into att values (att_seq.nextval,'15','2020-07-14','1','1');
insert into att values (att_seq.nextval,'15','2020-07-15','1','1');
insert into att values (att_seq.nextval,'15','2020-07-16','2','1');
insert into att values (att_seq.nextval,'15','2020-07-17','1','1');
insert into att values (att_seq.nextval,'15','2020-07-20','1','1');
insert into att values (att_seq.nextval,'15','2020-07-21','1','3');
insert into att values (att_seq.nextval,'15','2020-07-22','1','1');
insert into att values (att_seq.nextval,'15','2020-07-23','1','1');
insert into att values (att_seq.nextval,'15','2020-07-24','1','1');
insert into att values (att_seq.nextval,'15','2020-07-27','1','1');
insert into att values (att_seq.nextval,'15','2020-07-28','1','1');
insert into att values (att_seq.nextval,'15','2020-07-29','1','1');
insert into att values (att_seq.nextval,'15','2020-07-30','1','1');
insert into att values (att_seq.nextval,'15','2020-07-31','1','1');

commit;
